{
  "retcode": 0,
  "code": 0,
  "subcode": 0,
  "type": 1,
  "songt": 0,
  "lyric": 
  "[ti:Change]\n[ar:金泫雅]\n[al:Change]\n[by:]\n[offset:0]\n[00:00.00]CHANGE - 泫雅 (현아)\n[00:04.54]词：신사동 호랭이/휴우(HUU)\n[00:09.09]曲：신사동 호랭이/휴우(HUU)\n[00:13.63]Yeah, this, I'm bring it bring it let let's go\n[00:19.82]Uh uh uh uh uh uh uh uh uh uh change\n[00:23.70]Uh uh uh uh uh uh uh uh uh uh change\n[00:27.57]Uh uh uh uh uh uh uh uh uh uh change\n[00:31.33]Uh uh uh uh uh uh\n[00:33.21]Change change change change change\n[00:35.01]다 똑같은 것 말고 나를 위한 slogan\n[00:38.46]다 비슷한 생각들 말고 나를 위한 logo\n[00:42.20]What you want? (what you do)\n[00:44.21]Tell me baby what you do\n[00:46.08]언제나 눈치 보지 말고 step step swagger\n[00:50.27](I can change) 아무리 어려도\n[00:52.08](you can change) 누가 뭐라 해도\n[00:54.01](we can change) 모두 내 맘대로\n[00:55.90]Pop pop pop ma collar\n[00:58.08](do it up) 신경 쓰지 말고\n[00:59.90](take it on) 모두 하늘 위로\n[01:01.90](jumping up) do it do it do it better\n[01:04.21](ch ch ch change)\n[01:05.96]Boy boy boy 생각대로 change\n[01:08.96](ch ch ch change)\n[01:09.96]Girls girls girls 나를 따라 change\n[01:12.71](모두 다 change) 모두 다 change\n[01:14.77](모든 걸 change) 모든 걸 change\n[01:16.65](이제는 change) 이제는 change\n[01:18.58]I'm gonna change change change change change\n[01:20.97]1, 2, 3 Ha~\n[01:23.09]Let's get let's get let's movin'\n[01:25.02]Let's get let's get let's get started\n[01:27.03]You you you you ready?\n[01:28.78]Yeah~ we just burn it!\n[01:31.09]자꾸만 시간이 가 괜한 걱정만 늘어가 왜 난\n[01:34.84]이렇게 지냈는지 뻔한 말들만 늘어놔 all night\n[01:38.78]고민 고민 이제 그만해\n[01:40.66]왜 이리 왜 이리 피하기만 해\n[01:42.78]더는 더는 속이지 말고\n[01:45.15]Show me what you got\n[01:46.28](I can change) 아직은 몰라도\n[01:47.78](you can change) 누가 날 막아도\n[01:49.66](we can change) 모두 내 멋대로\n[01:51.54]Pop pop pop ma collar\n[01:53.66](do it up) 눈치보지 말고\n[01:55.41](take it on) 모두 손을 위로\n[01:57.34](jumping up) do it do it do it better\n[02:02.97](ch ch ch change)\n[02:03.84]Boy boy boy 생각대로 change\n[02:06.41](ch ch ch change)\n[02:07.41]Girls girls girls 나를 따라 change\n[02:10.22](모두 다 change) 모두 다 change\n[02:12.10](모든 걸 change) 모든 걸 change\n[02:14.10](이제는 change) 이제는 change\n[02:15.91]I'm gonna change change change change change\n[02:42.17]나는 달라 하나 하나 원하는 걸 내가 내가 change\n[02:50.42]지금부터 I can change\n[02:51.86]이제부터 you can change\n[02:53.61]모든 걸 다 we can change change change\n[02:57.16]Uh uh uh uh uh uh uh uh uh uh change\n[03:01.10]Uh uh uh uh uh uh uh uh uh uh change\n[03:04.92]Uh uh uh uh uh uh uh uh uh uh change\n[03:08.80]Uh uh uh uh uh uh\n[03:11.42](ch ch ch change)\n[03:12.61]Boy boy boy 생각대로 change\n[03:15.61](ch ch ch change)\n[03:16.49]Girls girls girls 나를 따라 change\n[03:19.86](모두 다 change) 모두 다 change\n[03:21.30](모든 걸 change) 모든 걸 change\n[03:23.23](이제는 change) 이제는 change\n[03:25.18]I'm gonna change change change change change"  
}